學年度,設立別,學程別,群科別,畢業生人數,未升學就業人數,正在接受職業訓練人數,正在軍中服役人數,需要工作而未找到人數,補習或準備升學人數,健康不良在家休養人數,準備出國人數
102,國立,實用技能學程,動力機械群,194,28,0,19,9,0,0,0
102,國立,實用技能學程,商業與管理群,799,44,7,23,8,1,5,0
102,國立,實用技能學程,土木與建築群,169,11,0,8,3,0,0,0
102,國立,實用技能學程,機械群,483,31,2,21,3,2,2,1
102,國立,實用技能學程,水產群,35,2,0,2,0,0,0,0
102,國立,實用技能學程,海事群,62,15,0,15,0,0,0,0
102,國立,實用技能學程,美容造型群,186,11,1,2,8,0,0,0
102,國立,實用技能學程,設計群,183,18,2,10,4,2,0,0
102,國立,實用技能學程,農業群,181,18,0,12,3,2,1,0
102,國立,實用技能學程,電機與電子群,843,103,7,74,18,4,0,0
102,國立,實用技能學程,食品群,285,27,1,19,7,0,0,0
102,國立,實用技能學程,餐旅群,454,24,1,5,14,3,1,0
102,國立,專業群科,動力機械群,1909,121,4,76,5,32,3,1
102,國立,專業群科,化工群,1438,31,1,14,3,12,0,1
102,國立,專業群科,商業與管理群,10556,167,3,62,17,78,2,5
102,國立,專業群科,土木與建築群,1715,58,2,31,2,19,1,3
102,國立,專業群科,外語群,1141,14,0,2,0,4,2,6
102,國立,專業群科,家政群,1556,26,1,4,11,8,2,0
102,國立,專業群科,機械群,6354,212,17,106,21,62,5,1
102,國立,專業群科,水產群,305,10,0,5,4,0,1,0
102,國立,專業群科,海事群,269,24,4,17,2,1,0,0
102,國立,專業群科,綜合,1144,253,34,3,175,2,39,0
102,國立,專業群科,藝術群,151,9,0,6,0,2,0,1
102,國立,專業群科,設計群,2368,57,2,13,3,37,0,2
102,國立,專業群科,農業群,1915,68,1,34,22,9,1,1
102,國立,專業群科,電機與電子群,8196,310,17,162,25,101,3,2
102,國立,專業群科,食品群,1376,47,5,12,16,9,3,2
102,國立,專業群科,餐旅群,1216,14,0,7,1,4,2,0
102,國立,普通科,學術群,75020,1763,12,204,25,1476,7,39
102,國立,綜合高中,動力機械群,31,6,0,6,0,0,0,0
102,國立,綜合高中,化工群,153,6,0,0,0,6,0,0
102,國立,綜合高中,商業與管理群,2216,64,2,35,10,14,2,1
102,國立,綜合高中,土木與建築群,325,4,0,1,2,1,0,0
102,國立,綜合高中,外語群,330,2,0,0,1,1,0,0
102,國立,綜合高中,學術群,8702,188,1,21,4,153,1,8
102,國立,綜合高中,家政群,128,1,0,0,0,0,0,1
102,國立,綜合高中,機械群,276,11,0,4,1,5,1,0
102,國立,綜合高中,水產群,28,0,0,0,0,0,0,0
102,國立,綜合高中,海事群,19,0,0,0,0,0,0,0
102,國立,綜合高中,綜合,11,1,0,0,0,1,0,0
102,國立,綜合高中,藝術群,9,1,0,1,0,0,0,0
102,國立,綜合高中,設計群,537,14,2,5,0,6,0,1
102,國立,綜合高中,農業群,114,4,0,3,0,1,0,0
102,國立,綜合高中,電機與電子群,659,15,2,8,0,4,0,1
102,國立,綜合高中,食品群,279,4,0,0,4,0,0,0
102,國立,綜合高中,餐旅群,668,30,0,22,5,2,1,0
102,私立,實用技能學程,動力機械群,1140,195,1,134,45,12,3,0
102,私立,實用技能學程,商業與管理群,1357,149,1,83,52,5,7,1
102,私立,實用技能學程,土木與建築群,17,0,0,0,0,0,0,0
102,私立,實用技能學程,機械群,79,18,0,18,0,0,0,0
102,私立,實用技能學程,美容造型群,1517,154,21,22,92,11,8,0
102,私立,實用技能學程,設計群,96,11,0,2,9,0,0,0
102,私立,實用技能學程,電機與電子群,643,77,0,42,32,0,3,0
102,私立,實用技能學程,食品群,140,30,1,1,27,0,0,1
102,私立,實用技能學程,餐旅群,3719,432,10,188,209,13,10,2
102,私立,專業群科,動力機械群,3972,446,13,309,106,10,6,2
102,私立,專業群科,商業與管理群,13321,504,26,230,183,43,18,4
102,私立,專業群科,土木與建築群,212,18,0,9,4,5,0,0
102,私立,專業群科,外語群,5197,80,2,25,18,23,2,10
102,私立,專業群科,家政群,6950,371,37,43,237,24,26,4
102,私立,專業群科,機械群,1739,178,7,124,44,2,1,0
102,私立,專業群科,海事群,50,11,0,9,0,2,0,0
102,私立,專業群科,綜合,418,138,30,0,54,5,49,0
102,私立,專業群科,藝術群,2382,118,3,41,15,46,2,11
102,私立,專業群科,設計群,6484,221,22,54,34,93,7,11
102,私立,專業群科,電機與電子群,12542,898,48,572,217,48,8,5
102,私立,專業群科,餐旅群,18903,1436,102,712,499,64,37,22
102,私立,普通科,學術群,28518,774,19,111,18,596,9,21
102,私立,綜合高中,動力機械群,97,16,0,8,4,4,0,0
102,私立,綜合高中,化工群,170,0,0,0,0,0,0,0
102,私立,綜合高中,商業與管理群,2623,66,4,25,23,11,1,2
102,私立,綜合高中,外語群,1243,14,1,3,2,6,0,2
102,私立,綜合高中,學術群,2151,62,6,25,6,25,0,0
102,私立,綜合高中,家政群,609,23,1,4,14,3,1,0
102,私立,綜合高中,機械群,71,3,0,1,2,0,0,0
102,私立,綜合高中,綜合,278,15,2,9,3,1,0,0
102,私立,綜合高中,藝術群,18,1,0,1,0,0,0,0
102,私立,綜合高中,設計群,794,21,1,9,4,7,0,0
102,私立,綜合高中,電機與電子群,1311,40,1,26,2,7,4,0
102,私立,綜合高中,餐旅群,1570,65,7,32,21,3,2,0
103,國立,實用技能學程,動力機械群,214,16,0,10,6,0,0,0
103,國立,實用技能學程,商業與管理群,799,76,7,36,24,5,4,0
103,國立,實用技能學程,土木與建築群,138,5,0,5,0,0,0,0
103,國立,實用技能學程,機械群,623,48,3,32,7,6,0,0
103,國立,實用技能學程,水產群,22,1,0,1,0,0,0,0
103,國立,實用技能學程,海事群,60,17,0,17,0,0,0,0
103,國立,實用技能學程,美容造型群,192,26,0,1,6,19,0,0
103,國立,實用技能學程,設計群,200,11,0,6,4,0,0,1
103,國立,實用技能學程,農業群,141,7,0,3,4,0,0,0
103,國立,實用技能學程,電機與電子群,652,72,4,55,10,2,1,0
103,國立,實用技能學程,食品群,266,25,0,18,6,1,0,0
103,國立,實用技能學程,餐旅群,510,30,0,9,17,1,3,0
103,國立,專業群科,動力機械群,1899,138,8,95,15,17,1,2
103,國立,專業群科,化工群,1449,36,4,21,2,9,0,0
103,國立,專業群科,商業與管理群,10726,223,6,88,44,75,7,3
103,國立,專業群科,土木與建築群,1691,61,3,30,4,24,0,0
103,國立,專業群科,外語群,1268,14,1,5,3,5,0,0
103,國立,專業群科,家政群,1580,36,5,8,14,9,0,0
103,國立,專業群科,機械群,6233,227,15,132,13,64,2,1
103,國立,專業群科,水產群,298,39,0,23,9,6,1,0
103,國立,專業群科,海事群,277,60,5,45,7,3,0,0
103,國立,專業群科,綜合,1149,221,49,4,150,4,14,0
103,國立,專業群科,藝術群,201,17,0,6,0,11,0,0
103,國立,專業群科,設計群,2417,39,0,8,7,21,1,2
103,國立,專業群科,農業群,1924,73,4,35,20,9,3,2
103,國立,專業群科,電機與電子群,8107,311,16,159,27,100,7,2
103,國立,專業群科,食品群,1493,46,5,29,9,3,0,0
103,國立,專業群科,餐旅群,1274,38,4,12,10,9,2,1
103,國立,普通科,學術群,76662,1942,23,313,47,1509,16,34
103,國立,綜合高中,動力機械群,33,0,0,0,0,0,0,0
103,國立,綜合高中,化工群,98,1,0,0,0,1,0,0
103,國立,綜合高中,商業與管理群,1976,65,0,42,6,16,1,0
103,國立,綜合高中,土木與建築群,301,12,0,3,0,8,1,0
103,國立,綜合高中,外語群,328,6,0,1,0,5,0,0
103,國立,綜合高中,學術群,7917,203,0,43,8,147,1,4
103,國立,綜合高中,家政群,181,11,4,1,0,5,1,0
103,國立,綜合高中,機械群,338,8,0,6,0,2,0,0
103,國立,綜合高中,水產群,42,5,0,4,0,1,0,0
103,國立,綜合高中,海事群,16,4,0,4,0,0,0,0
103,國立,綜合高中,綜合,6,0,0,0,0,0,0,0
103,國立,綜合高中,藝術群,14,0,0,0,0,0,0,0
103,國立,綜合高中,設計群,583,32,0,10,4,18,0,0
103,國立,綜合高中,農業群,105,4,0,0,2,2,0,0
103,國立,綜合高中,電機與電子群,678,24,6,11,4,3,0,0
103,國立,綜合高中,食品群,189,3,0,2,0,1,0,0
103,國立,綜合高中,餐旅群,685,35,0,15,14,5,0,1
103,國立,進修部,動力機械群,222,35,0,22,10,2,1,0
103,國立,進修部,化工群,115,10,0,5,2,3,0,0
103,國立,進修部,商業與管理群,2261,162,5,81,58,11,6,1
103,國立,進修部,土木與建築群,137,19,0,12,5,2,0,0
103,國立,進修部,外語群,19,9,0,0,8,1,0,0
103,國立,進修部,學術群,551,42,4,18,5,8,0,7
103,國立,進修部,家政群,275,14,0,1,13,0,0,0
103,國立,進修部,機械群,927,120,1,75,32,10,1,1
103,國立,進修部,設計群,305,20,0,5,12,2,1,0
103,國立,進修部,農業群,57,1,0,0,1,0,0,0
103,國立,進修部,電機與電子群,1048,110,6,65,32,4,2,1
103,國立,進修部,食品群,292,29,0,17,8,0,4,0
103,國立,進修部,餐旅群,261,7,0,4,0,3,0,0
103,私立,實用技能學程,動力機械群,1141,183,10,121,42,3,7,0
103,私立,實用技能學程,商業與管理群,1133,114,0,49,50,8,7,0
103,私立,實用技能學程,機械群,53,7,1,4,2,0,0,0
103,私立,實用技能學程,美容造型群,1460,101,9,6,75,4,7,0
103,私立,實用技能學程,設計群,56,4,0,0,4,0,0,0
103,私立,實用技能學程,電機與電子群,567,51,6,22,18,3,2,0
103,私立,實用技能學程,食品群,286,18,2,6,5,4,1,0
103,私立,實用技能學程,餐旅群,3791,427,27,166,212,12,7,3
103,私立,專業群科,動力機械群,4167,562,26,374,132,18,10,2
103,私立,專業群科,商業與管理群,11879,526,26,272,142,61,17,8
103,私立,專業群科,土木與建築群,183,14,2,3,1,7,1,0
103,私立,專業群科,外語群,5183,126,8,28,31,36,2,21
103,私立,專業群科,家政群,6631,361,37,49,205,37,26,7
103,私立,專業群科,機械群,1757,142,6,78,40,16,0,2
103,私立,專業群科,海事群,47,11,0,11,0,0,0,0
103,私立,專業群科,綜合,408,121,18,0,84,0,19,0
103,私立,專業群科,藝術群,2510,207,5,59,42,81,9,11
103,私立,專業群科,設計群,6564,322,17,89,71,110,10,25
103,私立,專業群科,電機與電子群,10759,784,29,507,185,42,14,7
103,私立,專業群科,食品群,81,16,1,8,7,0,0,0
103,私立,專業群科,餐旅群,20299,1499,64,655,627,87,44,22
103,私立,普通科,學術群,28447,743,11,116,8,581,3,24
103,私立,綜合高中,動力機械群,109,22,0,10,11,1,0,0
103,私立,綜合高中,化工群,179,0,0,0,0,0,0,0
103,私立,綜合高中,商業與管理群,2173,60,2,38,9,7,3,1
103,私立,綜合高中,外語群,1331,32,1,10,1,15,1,4
103,私立,綜合高中,學術群,1990,58,0,25,4,26,1,2
103,私立,綜合高中,家政群,658,14,1,4,4,5,0,0
103,私立,綜合高中,機械群,44,4,0,3,1,0,0,0
103,私立,綜合高中,綜合,291,19,0,4,8,7,0,0
103,私立,綜合高中,藝術群,24,1,0,1,0,0,0,0
103,私立,綜合高中,設計群,718,8,1,4,1,2,0,0
103,私立,綜合高中,電機與電子群,1065,64,1,51,6,3,1,2
103,私立,綜合高中,餐旅群,1562,67,4,45,12,2,3,1
103,私立,進修部,動力機械群,760,95,8,52,32,2,1,0
103,私立,進修部,商業與管理群,2787,333,5,140,156,16,13,3
103,私立,進修部,外語群,436,54,4,22,9,4,7,8
103,私立,進修部,學術群,269,22,0,1,16,0,1,4
103,私立,進修部,家政群,1630,201,30,28,110,26,2,5
103,私立,進修部,機械群,177,14,0,11,2,1,0,0
103,私立,進修部,藝術群,195,31,0,13,13,3,0,2
103,私立,進修部,設計群,572,69,5,22,16,21,4,1
103,私立,進修部,電機與電子群,1101,195,5,106,69,5,10,0
103,私立,進修部,餐旅群,4665,463,18,208,200,12,15,10
104,國立,實用技能學程,動力機械群,228,23,2,11,10,0,0,0
104,國立,實用技能學程,商業與管理群,634,68,6,33,21,4,2,2
104,國立,實用技能學程,土木與建築群,104,5,0,2,3,0,0,0
104,國立,實用技能學程,機械群,578,55,4,28,13,7,3,0
104,國立,實用技能學程,水產群,30,11,4,0,1,6,0,0
104,國立,實用技能學程,海事群,46,17,6,4,4,3,0,0
104,國立,實用技能學程,美容造型群,203,7,1,3,3,0,0,0
104,國立,實用技能學程,設計群,160,16,1,4,11,0,0,0
104,國立,實用技能學程,農業群,178,7,1,2,3,1,0,0
104,國立,實用技能學程,電機與電子群,460,56,2,40,14,0,0,0
104,國立,實用技能學程,食品群,270,24,2,6,9,7,0,0
104,國立,實用技能學程,餐旅群,491,35,0,14,21,0,0,0
104,國立,專業群科,動力機械群,1861,135,3,93,16,19,4,0
104,國立,專業群科,化工群,1443,35,1,21,3,10,0,0
104,國立,專業群科,商業與管理群,10307,216,8,84,36,77,6,5
104,國立,專業群科,土木與建築群,1697,84,3,56,10,15,0,0
104,國立,專業群科,外語群,1475,15,0,3,0,9,2,1
104,國立,專業群科,家政群,1578,29,2,3,6,17,1,0
104,國立,專業群科,機械群,6144,296,23,167,18,77,5,6
104,國立,專業群科,水產群,242,36,1,20,13,2,0,0
104,國立,專業群科,海事群,288,92,0,88,1,1,2,0
104,國立,專業群科,綜合,1140,238,48,7,141,18,24,0
104,國立,專業群科,藝術群,206,11,0,5,1,5,0,0
104,國立,專業群科,設計群,2499,54,3,11,6,26,3,5
104,國立,專業群科,農業群,1906,117,1,49,25,33,5,4
104,國立,專業群科,電機與電子群,7956,364,6,197,31,125,2,3
104,國立,專業群科,食品群,1382,74,0,32,33,9,0,0
104,國立,專業群科,餐旅群,1278,51,0,23,6,21,1,0
104,國立,普通科,學術群,74339,1732,37,274,55,1309,14,43
104,國立,綜合高中,動力機械群,31,1,0,1,0,0,0,0
104,國立,綜合高中,化工群,147,1,0,0,0,1,0,0
104,國立,綜合高中,商業與管理群,1786,64,1,32,13,15,2,1
104,國立,綜合高中,土木與建築群,312,6,0,2,0,4,0,0
104,國立,綜合高中,外語群,359,5,1,1,2,1,0,0
104,國立,綜合高中,學術群,7005,139,0,25,9,98,2,5
104,國立,綜合高中,家政群,132,1,0,0,1,0,0,0
104,國立,綜合高中,機械群,308,17,0,2,6,8,0,1
104,國立,綜合高中,水產群,47,5,0,5,0,0,0,0
104,國立,綜合高中,海事群,9,0,0,0,0,0,0,0
104,國立,綜合高中,綜合,45,2,1,1,0,0,0,0
104,國立,綜合高中,藝術群,10,0,0,0,0,0,0,0
104,國立,綜合高中,設計群,588,15,0,1,3,10,1,0
104,國立,綜合高中,農業群,125,4,0,0,2,2,0,0
104,國立,綜合高中,電機與電子群,530,27,3,10,1,11,1,1
104,國立,綜合高中,食品群,180,7,1,4,0,1,0,1
104,國立,綜合高中,餐旅群,700,34,1,16,10,6,1,0
104,國立,進修部,動力機械群,277,36,0,18,16,2,0,0
104,國立,進修部,化工群,98,16,1,13,2,0,0,0
104,國立,進修部,商業與管理群,1979,125,4,59,50,5,3,4
104,國立,進修部,土木與建築群,147,10,0,2,8,0,0,0
104,國立,進修部,外語群,68,3,0,0,0,0,1,2
104,國立,進修部,學術群,528,14,1,3,2,5,3,0
104,國立,進修部,家政群,245,19,1,5,10,1,2,0
104,國立,進修部,機械群,954,91,1,57,28,4,1,0
104,國立,進修部,設計群,307,18,1,9,5,2,0,1
104,國立,進修部,農業群,66,0,0,0,0,0,0,0
104,國立,進修部,電機與電子群,1029,104,1,74,24,2,3,0
104,國立,進修部,食品群,289,36,0,23,7,0,6,0
104,國立,進修部,餐旅群,200,17,0,10,2,4,1,0
104,私立,實用技能學程,動力機械群,1250,181,2,108,59,8,4,0
104,私立,實用技能學程,商業與管理群,800,61,4,23,23,8,1,2
104,私立,實用技能學程,機械群,62,4,0,3,1,0,0,0
104,私立,實用技能學程,美容造型群,1187,117,22,7,74,4,6,4
104,私立,實用技能學程,設計群,39,0,0,0,0,0,0,0
104,私立,實用技能學程,農業群,14,3,0,2,0,0,1,0
104,私立,實用技能學程,電機與電子群,392,61,0,54,4,2,1,0
104,私立,實用技能學程,食品群,267,30,1,6,19,0,4,0
104,私立,實用技能學程,餐旅群,3541,503,23,154,273,37,14,2
104,私立,專業群科,動力機械群,4297,496,24,324,123,15,10,0
104,私立,專業群科,商業與管理群,8916,430,21,204,118,54,27,6
104,私立,專業群科,土木與建築群,213,17,3,11,0,3,0,0
104,私立,專業群科,外語群,4522,92,13,34,14,15,5,11
104,私立,專業群科,家政群,5854,254,34,22,138,32,24,4
104,私立,專業群科,機械群,1771,91,9,58,10,11,1,2
104,私立,專業群科,海事群,74,28,0,27,0,1,0,0
104,私立,專業群科,綜合,373,108,29,0,71,0,8,0
104,私立,專業群科,藝術群,2400,135,1,27,35,52,5,15
104,私立,專業群科,設計群,6029,267,21,68,50,99,11,18
104,私立,專業群科,電機與電子群,8813,616,34,373,155,39,9,6
104,私立,專業群科,食品群,100,17,0,6,8,0,2,1
104,私立,專業群科,餐旅群,18634,1453,97,611,587,69,44,45
104,私立,普通科,學術群,24285,521,2,95,10,362,9,43
104,私立,綜合高中,動力機械群,125,21,0,14,7,0,0,0
104,私立,綜合高中,化工群,162,0,0,0,0,0,0,0
104,私立,綜合高中,商業與管理群,1327,32,1,16,1,7,6,1
104,私立,綜合高中,外語群,1056,14,0,7,1,2,3,1
104,私立,綜合高中,學術群,1709,59,3,24,6,23,0,3
104,私立,綜合高中,家政群,485,13,0,3,10,0,0,0
104,私立,綜合高中,機械群,42,0,0,0,0,0,0,0
104,私立,綜合高中,綜合,224,12,0,9,3,0,0,0
104,私立,綜合高中,藝術群,24,3,0,1,0,1,1,0
104,私立,綜合高中,設計群,588,9,1,1,1,5,0,1
104,私立,綜合高中,電機與電子群,990,60,1,54,2,3,0,0
104,私立,綜合高中,餐旅群,1541,81,6,57,8,5,1,4
104,私立,進修部,動力機械群,727,115,0,60,48,4,3,0
104,私立,進修部,商業與管理群,2088,266,12,100,132,6,12,4
104,私立,進修部,外語群,311,35,0,5,30,0,0,0
104,私立,進修部,學術群,217,31,5,5,9,6,2,4
104,私立,進修部,家政群,1420,148,6,47,64,10,11,10
104,私立,進修部,機械群,169,16,0,12,3,0,1,0
104,私立,進修部,藝術群,150,11,1,7,3,0,0,0
104,私立,進修部,設計群,416,44,0,12,14,10,7,1
104,私立,進修部,電機與電子群,761,113,9,51,39,5,7,2
104,私立,進修部,餐旅群,4183,479,41,168,203,41,9,17
105,國立,實用技能學程,動力機械群,119,17,0,10,6,0,1,0
105,國立,實用技能學程,化工群,25,1,0,1,0,0,0,0
105,國立,實用技能學程,商業與管理群,565,58,6,27,16,4,4,1
105,國立,實用技能學程,土木與建築群,119,9,0,6,2,1,0,0
105,國立,實用技能學程,機械群,434,39,5,19,12,3,0,0
105,國立,實用技能學程,水產群,30,3,0,2,1,0,0,0
105,國立,實用技能學程,海事群,62,16,1,14,0,1,0,0
105,國立,實用技能學程,美容造型群,178,8,0,2,6,0,0,0
105,國立,實用技能學程,設計群,163,16,3,3,8,2,0,0
105,國立,實用技能學程,農業群,116,6,0,5,1,0,0,0
105,國立,實用技能學程,電機與電子群,494,66,5,50,6,4,1,0
105,國立,實用技能學程,食品群,247,35,1,14,17,1,2,0
105,國立,實用技能學程,餐旅群,467,28,0,9,15,0,4,0
105,國立,專業群科,動力機械群,1809,180,5,119,14,40,2,0
105,國立,專業群科,化工群,1404,40,0,24,3,13,0,0
105,國立,專業群科,商業與管理群,9203,190,13,76,34,51,6,10
105,國立,專業群科,土木與建築群,1628,94,7,51,12,20,1,3
105,國立,專業群科,外語群,1532,18,0,3,0,12,0,3
105,國立,專業群科,家政群,1435,30,0,7,14,8,0,1
105,國立,專業群科,機械群,5802,239,22,116,35,62,4,0
105,國立,專業群科,水產群,210,38,0,24,14,0,0,0
105,國立,專業群科,海事群,241,65,0,50,11,3,1,0
105,國立,專業群科,綜合,1075,247,55,6,164,9,13,0
105,國立,專業群科,藝術群,197,5,0,4,0,1,0,0
105,國立,專業群科,設計群,2417,49,2,8,7,25,2,5
105,國立,專業群科,農業群,1767,120,1,72,30,14,3,0
105,國立,專業群科,電機與電子群,7498,365,12,224,25,99,1,4
105,國立,專業群科,食品群,1237,67,3,32,29,3,0,0
105,國立,專業群科,餐旅群,1338,57,2,23,25,4,3,0
105,國立,普通科,學術群,69804,1427,81,226,39,1048,7,26
105,國立,綜合高中,動力機械群,12,0,0,0,0,0,0,0
105,國立,綜合高中,化工群,97,1,0,0,0,1,0,0
105,國立,綜合高中,商業與管理群,1403,28,1,15,3,9,0,0
105,國立,綜合高中,土木與建築群,276,12,1,4,1,6,0,0
105,國立,綜合高中,外語群,236,4,0,1,0,3,0,0
105,國立,綜合高中,學術群,6123,135,2,18,8,97,2,8
105,國立,綜合高中,家政群,108,2,1,0,1,0,0,0
105,國立,綜合高中,機械群,239,15,0,10,0,5,0,0
105,國立,綜合高中,水產群,28,4,0,4,0,0,0,0
105,國立,綜合高中,海事群,18,3,0,2,1,0,0,0
105,國立,綜合高中,綜合,97,8,1,7,0,0,0,0
105,國立,綜合高中,藝術群,5,1,1,0,0,0,0,0
105,國立,綜合高中,設計群,527,15,1,4,1,9,0,0
105,國立,綜合高中,農業群,102,6,0,1,1,4,0,0
105,國立,綜合高中,電機與電子群,523,19,1,8,2,8,0,0
105,國立,綜合高中,食品群,168,3,0,1,1,1,0,0
105,國立,綜合高中,餐旅群,545,14,1,6,2,4,0,1
105,國立,進修部,動力機械群,261,21,0,14,4,3,0,0
105,國立,進修部,化工群,91,10,0,7,3,0,0,0
105,國立,進修部,商業與管理群,1504,110,4,41,41,14,7,3
105,國立,進修部,土木與建築群,90,1,0,0,1,0,0,0
105,國立,進修部,外語群,65,5,0,1,1,1,2,0
105,國立,進修部,學術群,440,20,1,5,2,6,5,1
105,國立,進修部,家政群,178,7,0,2,4,0,1,0
105,國立,進修部,機械群,747,82,10,45,23,2,1,1
105,國立,進修部,設計群,268,21,0,15,4,1,1,0
105,國立,進修部,農業群,64,14,0,8,6,0,0,0
105,國立,進修部,電機與電子群,806,74,2,58,12,2,0,0
105,國立,進修部,食品群,185,12,0,6,6,0,0,0
105,國立,進修部,餐旅群,218,13,0,10,3,0,0,0
105,私立,實用技能學程,動力機械群,1099,138,3,85,41,5,4,0
105,私立,實用技能學程,商業與管理群,627,59,7,6,38,6,1,1
105,私立,實用技能學程,機械群,130,9,1,6,0,0,2,0
105,私立,實用技能學程,美容造型群,1059,86,4,3,69,2,5,3
105,私立,實用技能學程,農業群,26,6,0,6,0,0,0,0
105,私立,實用技能學程,電機與電子群,365,32,12,16,3,0,1,0
105,私立,實用技能學程,食品群,196,19,0,7,7,3,2,0
105,私立,實用技能學程,餐旅群,3354,409,41,118,224,15,11,0
105,私立,專業群科,動力機械群,4179,383,18,221,118,12,9,5
105,私立,專業群科,商業與管理群,7729,336,24,157,101,41,8,5
105,私立,專業群科,土木與建築群,189,11,0,5,3,2,0,1
105,私立,專業群科,外語群,4880,107,10,23,13,41,6,14
105,私立,專業群科,家政群,5290,290,27,24,186,19,23,11
105,私立,專業群科,機械群,1784,130,15,72,37,3,2,1
105,私立,專業群科,海事群,61,5,0,5,0,0,0,0
105,私立,專業群科,綜合,397,119,58,0,43,1,17,0
105,私立,專業群科,藝術群,2637,146,5,44,42,42,2,11
105,私立,專業群科,設計群,6332,318,18,81,80,113,10,16
105,私立,專業群科,電機與電子群,7977,607,32,353,144,52,15,11
105,私立,專業群科,食品群,103,7,0,1,6,0,0,0
105,私立,專業群科,餐旅群,18074,1267,79,476,541,85,46,40
105,私立,普通科,學術群,24465,533,9,73,17,399,6,29
105,私立,綜合高中,動力機械群,47,12,0,10,0,0,2,0
105,私立,綜合高中,化工群,160,1,0,0,0,1,0,0
105,私立,綜合高中,商業與管理群,861,25,0,18,3,3,0,1
105,私立,綜合高中,外語群,722,20,0,3,1,12,1,3
105,私立,綜合高中,學術群,1548,27,3,9,1,12,1,1
105,私立,綜合高中,家政群,401,11,5,3,2,1,0,0
105,私立,綜合高中,綜合,216,19,0,7,6,3,0,3
105,私立,綜合高中,藝術群,16,3,0,2,1,0,0,0
105,私立,綜合高中,設計群,403,15,3,1,8,2,0,1
105,私立,綜合高中,電機與電子群,534,31,0,27,0,4,0,0
105,私立,綜合高中,餐旅群,1109,67,4,42,13,2,3,3
105,私立,進修部,動力機械群,670,51,2,23,24,0,2,0
105,私立,進修部,商業與管理群,1685,211,2,91,100,8,9,1
105,私立,進修部,外語群,233,30,0,5,12,1,5,7
105,私立,進修部,學術群,288,9,1,5,0,2,1,0
105,私立,進修部,家政群,1420,109,12,19,63,3,10,2
105,私立,進修部,機械群,134,21,0,15,6,0,0,0
105,私立,進修部,藝術群,132,14,0,5,7,0,2,0
105,私立,進修部,設計群,373,23,1,4,9,4,3,2
105,私立,進修部,電機與電子群,583,66,2,26,32,2,3,1
105,私立,進修部,餐旅群,4114,396,15,128,217,17,16,3
106,國立,實用技能學程,動力機械群,148,22,1,12,7,2,0,0
106,國立,實用技能學程,商業與管理群,516,29,1,12,10,3,2,1
106,國立,實用技能學程,土木與建築群,146,12,0,7,4,1,0,0
106,國立,實用技能學程,機械群,517,29,0,15,9,2,3,0
106,國立,實用技能學程,水產群,40,3,0,3,0,0,0,0
106,國立,實用技能學程,海事群,56,11,4,6,1,0,0,0
106,國立,實用技能學程,美容造型群,191,11,0,0,9,0,2,0
106,國立,實用技能學程,設計群,182,8,1,1,6,0,0,0
106,國立,實用技能學程,農業群,143,6,1,1,3,1,0,0
106,國立,實用技能學程,電機與電子群,496,48,2,24,17,4,1,0
106,國立,實用技能學程,食品群,218,10,0,3,5,1,1,0
106,國立,實用技能學程,餐旅群,459,24,0,8,12,1,3,0
106,國立,專業群科,動力機械群,1830,178,3,80,40,53,2,0
106,國立,專業群科,化工群,1389,40,0,15,8,14,1,2
106,國立,專業群科,商業與管理群,9021,193,7,68,28,79,3,8
106,國立,專業群科,土木與建築群,1578,74,2,20,16,35,1,0
106,國立,專業群科,外語群,1521,25,0,3,3,14,1,4
106,國立,專業群科,家政群,1386,26,4,2,9,6,1,4
106,國立,專業群科,機械群,5630,286,16,111,55,101,2,1
106,國立,專業群科,水產群,211,16,1,10,5,0,0,0
106,國立,專業群科,海事群,252,24,1,14,7,1,1,0
106,國立,專業群科,綜合,1055,254,59,4,172,5,14,0
106,國立,專業群科,藝術群,208,4,0,4,0,0,0,0
106,國立,專業群科,設計群,2341,69,8,11,16,33,0,1
106,國立,專業群科,農業群,1686,87,4,26,44,9,4,0
106,國立,專業群科,電機與電子群,7292,276,16,106,25,111,12,6
106,國立,專業群科,食品群,1236,62,7,19,22,11,2,1
106,國立,專業群科,餐旅群,1399,34,2,17,8,6,1,0
106,國立,普通科,學術群,72889,2615,28,212,60,2250,17,48
106,國立,綜合高中,動力機械群,7,2,0,0,2,0,0,0
106,國立,綜合高中,化工群,82,5,2,2,0,1,0,0
106,國立,綜合高中,商業與管理群,1132,35,3,9,7,15,1,0
106,國立,綜合高中,土木與建築群,208,1,0,0,0,0,0,1
106,國立,綜合高中,外語群,252,1,0,0,0,1,0,0
106,國立,綜合高中,學術群,6205,185,9,21,7,146,0,2
106,國立,綜合高中,家政群,80,2,0,1,1,0,0,0
106,國立,綜合高中,機械群,234,8,0,5,0,3,0,0
106,國立,綜合高中,水產群,32,2,0,2,0,0,0,0
106,國立,綜合高中,海事群,17,2,0,2,0,0,0,0
106,國立,綜合高中,綜合,79,5,2,1,1,1,0,0
106,國立,綜合高中,藝術群,15,0,0,0,0,0,0,0
106,國立,綜合高中,設計群,392,6,0,3,1,2,0,0
106,國立,綜合高中,農業群,70,3,0,0,0,3,0,0
106,國立,綜合高中,電機與電子群,407,12,1,9,1,1,0,0
106,國立,綜合高中,食品群,163,3,0,2,1,0,0,0
106,國立,綜合高中,餐旅群,509,23,0,7,11,2,1,2
106,國立,進修部,動力機械群,264,40,0,26,12,2,0,0
106,國立,進修部,化工群,71,2,0,1,1,0,0,0
106,國立,進修部,商業與管理群,1367,82,3,32,30,8,7,2
106,國立,進修部,土木與建築群,88,6,0,0,4,2,0,0
106,國立,進修部,外語群,53,0,0,0,0,0,0,0
106,國立,進修部,學術群,410,16,2,4,4,5,1,0
106,國立,進修部,家政群,201,15,2,4,6,1,1,1
106,國立,進修部,機械群,776,60,6,43,4,5,2,0
106,國立,進修部,設計群,273,19,0,8,5,5,1,0
106,國立,進修部,農業群,51,5,0,1,1,3,0,0
106,國立,進修部,電機與電子群,784,84,1,51,16,11,4,1
106,國立,進修部,食品群,234,24,0,12,5,4,2,1
106,國立,進修部,餐旅群,223,8,0,4,3,1,0,0
106,私立,實用技能學程,動力機械群,1257,159,2,109,39,5,4,0
106,私立,實用技能學程,商業與管理群,632,54,5,11,27,10,0,1
106,私立,實用技能學程,機械群,90,1,0,1,0,0,0,0
106,私立,實用技能學程,美容造型群,1118,92,7,7,64,5,8,1
106,私立,實用技能學程,農業群,40,10,0,0,8,1,1,0
106,私立,實用技能學程,電機與電子群,475,50,6,26,17,1,0,0
106,私立,實用技能學程,食品群,192,30,3,1,26,0,0,0
106,私立,實用技能學程,餐旅群,3090,293,9,95,168,9,12,0
106,私立,專業群科,動力機械群,5006,407,9,233,132,31,2,0
106,私立,專業群科,商業與管理群,8370,280,12,92,104,52,12,8
106,私立,專業群科,土木與建築群,198,16,1,0,3,9,1,2
106,私立,專業群科,外語群,5145,111,5,21,23,36,11,15
106,私立,專業群科,家政群,5947,273,32,27,172,16,21,5
106,私立,專業群科,機械群,1953,85,6,35,29,13,0,2
106,私立,專業群科,海事群,55,5,0,0,3,0,2,0
106,私立,專業群科,綜合,443,147,34,0,92,0,19,2
106,私立,專業群科,藝術群,2983,187,9,34,41,73,5,25
106,私立,專業群科,設計群,6450,272,16,70,73,91,8,14
106,私立,專業群科,電機與電子群,8910,481,35,237,111,72,18,8
106,私立,專業群科,食品群,209,23,0,11,5,6,1,0
106,私立,專業群科,餐旅群,17704,1133,63,344,565,84,31,46
106,私立,普通科,學術群,27751,1073,26,80,30,835,14,88
106,私立,綜合高中,動力機械群,16,2,0,1,1,0,0,0
106,私立,綜合高中,化工群,173,0,0,0,0,0,0,0
106,私立,綜合高中,商業與管理群,954,42,0,22,9,7,2,2
106,私立,綜合高中,外語群,793,17,0,1,3,5,0,8
106,私立,綜合高中,學術群,1410,34,1,6,6,21,0,0
106,私立,綜合高中,家政群,388,9,1,2,5,1,0,0
106,私立,綜合高中,綜合,236,13,0,2,7,4,0,0
106,私立,綜合高中,藝術群,9,3,0,3,0,0,0,0
106,私立,綜合高中,設計群,435,8,1,2,2,1,2,0
106,私立,綜合高中,電機與電子群,523,15,1,8,2,1,1,2
106,私立,綜合高中,餐旅群,1025,69,2,42,18,4,1,2
106,私立,進修部,動力機械群,691,93,0,61,32,0,0,0
106,私立,進修部,商業與管理群,1429,139,5,44,71,8,10,1
106,私立,進修部,外語群,243,26,0,12,12,0,0,2
106,私立,進修部,學術群,277,11,0,6,3,2,0,0
106,私立,進修部,家政群,1279,79,7,19,26,21,2,4
106,私立,進修部,機械群,140,11,0,3,8,0,0,0
106,私立,進修部,藝術群,169,25,1,9,15,0,0,0
106,私立,進修部,設計群,386,44,0,11,27,2,2,2
106,私立,進修部,電機與電子群,458,65,1,40,15,6,3,0
106,私立,進修部,餐旅群,3521,426,19,167,207,21,9,3
107,國立,實用技能學程,動力機械群,174,26,0,17,5,4,0,0
107,國立,實用技能學程,商業與管理群,460,36,0,13,13,5,5,0
107,國立,實用技能學程,土木與建築群,152,18,0,17,1,0,0,0
107,國立,實用技能學程,機械群,487,42,8,24,7,2,1,0
107,國立,實用技能學程,水產群,28,0,0,0,0,0,0,0
107,國立,實用技能學程,海事群,40,0,0,0,0,0,0,0
107,國立,實用技能學程,美容造型群,193,5,0,0,5,0,0,0
107,國立,實用技能學程,設計群,193,13,2,5,6,0,0,0
107,國立,實用技能學程,農業群,184,16,2,3,9,0,1,1
107,國立,實用技能學程,電機與電子群,363,41,0,24,12,1,4,0
107,國立,實用技能學程,食品群,241,24,1,2,19,1,0,1
107,國立,實用技能學程,餐旅群,402,12,0,3,3,1,4,1
107,國立,專業群科,動力機械群,1700,104,11,51,18,23,1,0
107,國立,專業群科,化工群,1386,28,0,2,7,16,1,2
107,國立,專業群科,商業與管理群,9134,172,5,45,41,67,5,9
107,國立,專業群科,土木與建築群,1592,56,3,23,7,22,1,0
107,國立,專業群科,外語群,1560,16,0,4,1,10,0,1
107,國立,專業群科,家政群,1365,34,4,4,13,10,0,3
107,國立,專業群科,機械群,5657,251,49,94,44,61,1,2
107,國立,專業群科,水產群,205,22,3,13,5,1,0,0
107,國立,專業群科,海事群,288,35,10,20,4,1,0,0
107,國立,專業群科,綜合,1104,255,65,2,161,10,17,0
107,國立,專業群科,藝術群,206,11,0,3,0,8,0,0
107,國立,專業群科,設計群,2442,50,6,3,12,26,1,2
107,國立,專業群科,農業群,1765,83,10,20,36,14,2,1
107,國立,專業群科,電機與電子群,7460,245,14,97,34,94,2,4
107,國立,專業群科,食品群,1224,53,6,9,29,8,1,0
107,國立,專業群科,餐旅群,1515,36,4,3,25,2,1,1
107,國立,普通科,學術群,72518,3550,20,203,52,3220,12,43
107,國立,綜合高中,動力機械群,12,1,0,1,0,0,0,0
107,國立,綜合高中,化工群,85,0,0,0,0,0,0,0
107,國立,綜合高中,商業與管理群,915,24,0,8,5,10,0,1
107,國立,綜合高中,土木與建築群,159,2,1,1,0,0,0,0
107,國立,綜合高中,外語群,183,4,0,1,0,2,1,0
107,國立,綜合高中,學術群,5976,270,7,37,15,207,0,4
107,國立,綜合高中,家政群,61,1,0,0,0,1,0,0
107,國立,綜合高中,機械群,134,2,2,0,0,0,0,0
107,國立,綜合高中,水產群,12,0,0,0,0,0,0,0
107,國立,綜合高中,綜合,101,5,0,1,2,2,0,0
107,國立,綜合高中,藝術群,8,0,0,0,0,0,0,0
107,國立,綜合高中,設計群,338,9,0,2,3,4,0,0
107,國立,綜合高中,農業群,55,1,0,0,1,0,0,0
107,國立,綜合高中,電機與電子群,288,9,3,1,2,3,0,0
107,國立,綜合高中,食品群,143,2,0,2,0,0,0,0
107,國立,綜合高中,餐旅群,394,9,1,3,3,2,0,0
107,國立,進修部,動力機械群,308,33,2,22,9,0,0,0
107,國立,進修部,化工群,61,2,0,1,0,1,0,0
107,國立,進修部,商業與管理群,1194,65,2,32,16,5,9,1
107,國立,進修部,土木與建築群,89,11,2,7,0,1,1,0
107,國立,進修部,外語群,72,2,0,0,0,0,1,1
107,國立,進修部,學術群,412,18,0,13,1,4,0,0
107,國立,進修部,家政群,159,12,0,5,4,2,1,0
107,國立,進修部,機械群,621,65,1,45,10,6,1,2
107,國立,進修部,設計群,225,18,2,3,7,5,1,0
107,國立,進修部,農業群,47,5,1,1,1,2,0,0
107,國立,進修部,電機與電子群,669,78,5,48,16,8,1,0
107,國立,進修部,食品群,160,12,0,6,4,1,0,1
107,國立,進修部,餐旅群,163,10,0,2,6,2,0,0
107,私立,實用技能學程,動力機械群,1184,202,12,108,74,4,3,1
107,私立,實用技能學程,商業與管理群,611,65,3,14,45,3,0,0
107,私立,實用技能學程,機械群,113,12,5,4,3,0,0,0
107,私立,實用技能學程,美容造型群,969,113,19,7,75,7,5,0
107,私立,實用技能學程,藝術群,46,2,1,0,1,0,0,0
107,私立,實用技能學程,農業群,31,4,1,3,0,0,0,0
107,私立,實用技能學程,電機與電子群,601,66,1,40,22,1,0,2
107,私立,實用技能學程,食品群,223,32,0,11,17,0,3,1
107,私立,實用技能學程,餐旅群,3080,329,16,98,192,13,9,1
107,私立,專業群科,動力機械群,4821,513,42,302,143,14,9,3
107,私立,專業群科,商業與管理群,7155,222,8,91,62,33,16,12
107,私立,專業群科,土木與建築群,176,3,0,2,0,1,0,0
107,私立,專業群科,外語群,5084,153,10,47,34,35,12,15
107,私立,專業群科,家政群,5505,184,19,17,130,5,10,3
107,私立,專業群科,機械群,1809,100,4,66,18,7,5,0
107,私立,專業群科,海事群,51,4,2,2,0,0,0,0
107,私立,專業群科,綜合,392,106,33,2,61,2,8,0
107,私立,專業群科,藝術群,2790,196,22,41,36,68,6,23
107,私立,專業群科,設計群,5821,235,25,54,66,66,14,10
107,私立,專業群科,電機與電子群,7856,429,20,238,106,27,13,25
107,私立,專業群科,食品群,170,11,1,3,6,0,1,0
107,私立,專業群科,餐旅群,16745,1071,77,399,415,77,31,72
107,私立,普通科,學術群,26118,1438,36,89,17,1202,29,65
107,私立,綜合高中,動力機械群,27,0,0,0,0,0,0,0
107,私立,綜合高中,化工群,160,0,0,0,0,0,0,0
107,私立,綜合高中,商業與管理群,861,18,1,10,1,4,1,1
107,私立,綜合高中,外語群,706,15,2,4,0,6,1,2
107,私立,綜合高中,學術群,1196,61,5,6,1,46,0,3
107,私立,綜合高中,家政群,276,5,0,1,3,0,1,0
107,私立,綜合高中,綜合,156,12,0,7,3,1,1,0
107,私立,綜合高中,設計群,386,8,0,2,1,5,0,0
107,私立,綜合高中,電機與電子群,481,18,0,13,1,4,0,0
107,私立,綜合高中,餐旅群,760,35,0,14,16,1,1,3
107,私立,進修部,動力機械群,648,62,0,19,39,1,3,0
107,私立,進修部,商業與管理群,1290,167,4,51,80,15,10,7
107,私立,進修部,外語群,163,31,0,4,15,5,2,5
107,私立,進修部,學術群,274,21,0,8,12,1,0,0
107,私立,進修部,家政群,1114,76,7,9,55,2,3,0
107,私立,進修部,機械群,87,15,0,9,6,0,0,0
107,私立,進修部,藝術群,103,14,0,3,10,1,0,0
107,私立,進修部,設計群,369,23,0,2,19,0,0,2
107,私立,進修部,電機與電子群,330,46,16,22,4,1,3,0
107,私立,進修部,餐旅群,3202,279,19,78,160,9,13,0
108,國立,實用技能學程,動力機械群,149,9,0,1,6,2,0,0
108,國立,實用技能學程,商業與管理群,345,21,1,6,12,1,1,0
108,國立,實用技能學程,土木與建築群,86,6,1,2,2,1,0,0
108,國立,實用技能學程,機械群,340,20,0,16,1,3,0,0
108,國立,實用技能學程,水產群,24,3,0,1,2,0,0,0
108,國立,實用技能學程,海事群,21,0,0,0,0,0,0,0
108,國立,實用技能學程,美容造型群,157,6,2,1,3,0,0,0
108,國立,實用技能學程,設計群,170,7,0,0,6,0,1,0
108,國立,實用技能學程,農業群,131,4,0,0,4,0,0,0
108,國立,實用技能學程,電機與電子群,486,49,1,28,14,6,0,0
108,國立,實用技能學程,食品群,201,17,1,7,9,0,0,0
108,國立,實用技能學程,餐旅群,379,18,2,4,11,0,1,0
108,國立,專業群科,動力機械群,1715,78,3,40,18,16,1,0
108,國立,專業群科,化工群,1235,17,0,10,3,3,0,1
108,國立,專業群科,商業與管理群,8800,152,4,29,43,67,5,4
108,國立,專業群科,土木與建築群,1540,52,4,19,10,16,3,0
108,國立,專業群科,外語群,1500,20,0,1,6,12,0,1
108,國立,專業群科,家政群,1396,21,0,3,7,8,0,3
108,國立,專業群科,機械群,5477,147,12,66,37,29,2,1
108,國立,專業群科,水產群,163,12,0,6,6,0,0,0
108,國立,專業群科,海事群,250,16,0,10,2,2,2,0
108,國立,專業群科,綜合,1153,286,82,4,165,13,22,0
108,國立,專業群科,藝術群,246,9,0,3,5,1,0,0
108,國立,專業群科,設計群,2329,57,2,8,19,23,2,3
108,國立,專業群科,農業群,1548,36,1,8,20,4,3,0
108,國立,專業群科,電機與電子群,7174,192,5,82,39,65,0,1
108,國立,專業群科,食品群,1134,29,3,4,15,4,3,0
108,國立,專業群科,餐旅群,1386,28,1,7,13,7,0,0
108,國立,普通科,學術群,70480,2386,32,198,31,2066,25,34
108,國立,綜合高中,動力機械群,13,1,0,1,0,0,0,0
108,國立,綜合高中,化工群,56,2,0,1,0,1,0,0
108,國立,綜合高中,商業與管理群,622,11,0,2,3,5,1,0
108,國立,綜合高中,土木與建築群,138,1,0,1,0,0,0,0
108,國立,綜合高中,外語群,181,5,1,0,2,2,0,0
108,國立,綜合高中,學術群,5019,168,1,13,5,147,0,2
108,國立,綜合高中,家政群,19,0,0,0,0,0,0,0
108,國立,綜合高中,機械群,141,2,0,2,0,0,0,0
108,國立,綜合高中,水產群,21,1,0,0,0,1,0,0
108,國立,綜合高中,綜合,91,3,0,1,2,0,0,0
108,國立,綜合高中,藝術群,15,0,0,0,0,0,0,0
108,國立,綜合高中,設計群,235,8,2,1,1,4,0,0
108,國立,綜合高中,農業群,62,0,0,0,0,0,0,0
108,國立,綜合高中,電機與電子群,269,6,0,3,1,2,0,0
108,國立,綜合高中,食品群,95,1,0,0,1,0,0,0
108,國立,綜合高中,餐旅群,411,15,1,10,3,1,0,0
108,國立,進修部,動力機械群,292,30,1,15,9,5,0,0
108,國立,進修部,化工群,43,7,0,2,2,1,2,0
108,國立,進修部,商業與管理群,996,74,6,19,37,4,8,0
108,國立,進修部,土木與建築群,77,4,0,3,1,0,0,0
108,國立,進修部,外語群,33,0,0,0,0,0,0,0
108,國立,進修部,學術群,334,19,0,7,3,3,5,1
108,國立,進修部,家政群,155,10,1,4,2,0,3,0
108,國立,進修部,機械群,483,44,3,30,9,2,0,0
108,國立,進修部,設計群,203,13,0,4,8,1,0,0
108,國立,進修部,農業群,41,7,0,5,2,0,0,0
108,國立,進修部,電機與電子群,546,51,1,34,11,4,1,0
108,國立,進修部,食品群,130,11,2,1,4,1,3,0
108,國立,進修部,餐旅群,146,6,0,1,4,0,1,0
108,私立,實用技能學程,動力機械群,1087,132,11,74,44,0,3,0
108,私立,實用技能學程,商業與管理群,510,40,2,14,15,6,2,1
108,私立,實用技能學程,機械群,70,2,0,2,0,0,0,0
108,私立,實用技能學程,美容造型群,780,63,16,2,38,2,5,0
108,私立,實用技能學程,藝術群,79,12,1,2,8,0,1,0
108,私立,實用技能學程,農業群,29,3,0,0,2,0,1,0
108,私立,實用技能學程,電機與電子群,517,35,0,17,17,0,1,0
108,私立,實用技能學程,食品群,218,32,1,7,24,0,0,0
108,私立,實用技能學程,餐旅群,2590,283,22,78,159,15,8,1
108,私立,專業群科,動力機械群,3540,374,23,197,135,10,8,1
108,私立,專業群科,商業與管理群,5421,173,9,54,70,31,6,3
108,私立,專業群科,土木與建築群,105,2,0,2,0,0,0,0
108,私立,專業群科,外語群,3906,93,4,18,28,24,6,13
108,私立,專業群科,家政群,4378,221,29,13,148,12,11,8
108,私立,專業群科,機械群,1424,85,1,46,31,7,0,0
108,私立,專業群科,海事群,18,0,0,0,0,0,0,0
108,私立,專業群科,綜合,379,98,32,0,55,2,9,0
108,私立,專業群科,藝術群,2274,128,12,22,43,42,4,5
108,私立,專業群科,設計群,4627,179,21,40,59,39,11,9
108,私立,專業群科,電機與電子群,5790,269,19,132,68,32,11,7
108,私立,專業群科,食品群,122,16,0,4,12,0,0,0
108,私立,專業群科,餐旅群,12504,730,29,224,399,26,23,29
108,私立,普通科,學術群,21148,778,19,62,12,631,2,52
108,私立,綜合高中,化工群,141,0,0,0,0,0,0,0
108,私立,綜合高中,商業與管理群,584,9,0,5,0,3,1,0
108,私立,綜合高中,外語群,353,8,1,0,0,6,0,1
108,私立,綜合高中,學術群,803,17,1,4,1,10,0,1
108,私立,綜合高中,家政群,189,4,0,0,1,2,0,1
108,私立,綜合高中,綜合,158,12,0,5,4,3,0,0
108,私立,綜合高中,設計群,228,4,0,0,1,3,0,0
108,私立,綜合高中,電機與電子群,303,12,0,9,1,1,1,0
108,私立,綜合高中,餐旅群,555,16,0,5,7,3,1,0
108,私立,進修部,動力機械群,508,61,0,38,14,4,4,1
108,私立,進修部,商業與管理群,1157,98,9,21,60,2,4,2
108,私立,進修部,外語群,147,15,1,5,5,2,0,2
108,私立,進修部,學術群,212,3,0,2,0,0,1,0
108,私立,進修部,家政群,888,53,8,6,35,1,3,0
108,私立,進修部,機械群,64,11,1,4,6,0,0,0
108,私立,進修部,藝術群,128,16,0,5,11,0,0,0
108,私立,進修部,設計群,267,24,1,5,7,8,1,2
108,私立,進修部,電機與電子群,252,15,1,3,7,3,1,0
108,私立,進修部,餐旅群,2886,248,17,65,137,7,18,4
109,國立,實用技能學程,動力機械群,86,14,0,7,5,0,1,1
109,國立,實用技能學程,商業與管理群,293,18,3,6,7,1,1,0
109,國立,實用技能學程,土木與建築群,116,7,0,4,3,0,0,0
109,國立,實用技能學程,機械群,379,25,1,13,7,3,1,0
109,國立,實用技能學程,水產群,15,4,0,0,4,0,0,0
109,國立,實用技能學程,海事群,12,3,0,0,2,1,0,0
109,國立,實用技能學程,美容造型群,133,3,0,1,2,0,0,0
109,國立,實用技能學程,設計群,140,8,0,4,4,0,0,0
109,國立,實用技能學程,農業群,115,8,1,2,5,0,0,0
109,國立,實用技能學程,電機與電子群,378,26,1,14,8,3,0,0
109,國立,實用技能學程,食品群,208,18,0,2,13,2,1,0
109,國立,實用技能學程,餐旅群,399,20,1,4,11,1,3,0
109,國立,專業群科,動力機械群,1649,58,2,30,10,11,5,0
109,國立,專業群科,化工群,1194,12,1,5,4,1,1,0
109,國立,專業群科,商業與管理群,8381,117,10,32,38,33,3,1
109,國立,專業群科,土木與建築群,1367,29,4,9,11,4,0,1
109,國立,專業群科,外語群,1421,14,1,0,4,6,1,2
109,國立,專業群科,家政群,1318,22,5,0,9,4,3,1
109,國立,專業群科,機械群,5129,142,14,58,33,23,14,0
109,國立,專業群科,水產群,149,13,1,7,3,1,1,0
109,國立,專業群科,海事群,249,20,1,10,8,1,0,0
109,國立,專業群科,綜合,1039,277,52,8,169,16,31,1
109,國立,專業群科,藝術群,247,11,4,5,0,2,0,0
109,國立,專業群科,設計群,2312,28,2,4,8,11,1,2
109,國立,專業群科,農業群,1465,47,6,12,20,3,6,0
109,國立,專業群科,電機與電子群,6819,167,9,72,37,46,2,1
109,國立,專業群科,食品群,1079,37,1,4,24,1,6,1
109,國立,專業群科,餐旅群,1333,31,1,7,14,6,2,1
109,國立,普通科,學術群,68282,1129,35,129,40,894,13,18
109,國立,綜合高中,動力機械群,8,1,0,1,0,0,0,0
109,國立,綜合高中,化工群,42,0,0,0,0,0,0,0
109,國立,綜合高中,商業與管理群,480,4,0,1,1,2,0,0
109,國立,綜合高中,土木與建築群,100,0,0,0,0,0,0,0
109,國立,綜合高中,外語群,124,0,0,0,0,0,0,0
109,國立,綜合高中,學術群,4780,65,5,12,6,41,0,1
109,國立,綜合高中,家政群,4,0,0,0,0,0,0,0
109,國立,綜合高中,機械群,111,1,0,0,0,1,0,0
109,國立,綜合高中,水產群,27,0,0,0,0,0,0,0
109,國立,綜合高中,綜合,94,1,0,1,0,0,0,0
109,國立,綜合高中,藝術群,4,0,0,0,0,0,0,0
109,國立,綜合高中,設計群,155,2,0,0,1,1,0,0
109,國立,綜合高中,農業群,64,0,0,0,0,0,0,0
109,國立,綜合高中,電機與電子群,225,1,0,0,1,0,0,0
109,國立,綜合高中,食品群,94,0,0,0,0,0,0,0
109,國立,綜合高中,餐旅群,309,14,0,7,6,1,0,0
109,國立,進修部,動力機械群,204,21,0,17,2,1,1,0
109,國立,進修部,化工群,31,3,0,0,3,0,0,0
109,國立,進修部,商業與管理群,895,53,3,9,25,8,8,0
109,國立,進修部,土木與建築群,56,2,1,1,0,0,0,0
109,國立,進修部,外語群,22,0,0,0,0,0,0,0
109,國立,進修部,學術群,379,13,1,3,5,1,3,0
109,國立,進修部,家政群,126,5,0,1,1,1,2,0
109,國立,進修部,機械群,414,36,3,24,6,2,1,0
109,國立,進修部,設計群,147,13,2,2,7,1,0,1
109,國立,進修部,農業群,38,4,1,1,0,1,1,0
109,國立,進修部,電機與電子群,476,63,3,36,21,3,0,0
109,國立,進修部,食品群,150,12,1,3,4,0,4,0
109,國立,進修部,餐旅群,151,10,1,2,7,0,0,0
109,私立,實用技能學程,動力機械群,926,102,2,38,60,1,1,0
109,私立,實用技能學程,商業與管理群,383,36,4,4,23,2,0,3
109,私立,實用技能學程,機械群,79,6,1,1,3,0,1,0
109,私立,實用技能學程,美容造型群,727,75,7,1,64,1,2,0
109,私立,實用技能學程,藝術群,110,9,0,1,7,1,0,0
109,私立,實用技能學程,農業群,68,8,0,1,7,0,0,0
109,私立,實用技能學程,電機與電子群,628,37,5,19,12,1,0,0
109,私立,實用技能學程,食品群,236,15,2,5,4,1,3,0
109,私立,實用技能學程,餐旅群,2474,286,24,35,215,4,7,1
109,私立,專業群科,動力機械群,3020,232,14,78,125,13,2,0
109,私立,專業群科,商業與管理群,5425,226,13,75,102,12,10,14
109,私立,專業群科,土木與建築群,102,2,0,1,1,0,0,0
109,私立,專業群科,外語群,3737,69,4,8,29,17,5,6
109,私立,專業群科,家政群,3947,243,12,11,189,8,20,3
109,私立,專業群科,機械群,1312,51,2,12,28,6,2,1
109,私立,專業群科,海事群,22,0,0,0,0,0,0,0
109,私立,專業群科,綜合,320,118,18,0,84,6,10,0
109,私立,專業群科,藝術群,2245,120,6,12,78,20,2,2
109,私立,專業群科,設計群,4090,156,7,43,68,21,9,8
109,私立,專業群科,農業群,60,8,0,5,0,2,1,0
109,私立,專業群科,電機與電子群,5356,270,13,109,104,30,12,2
109,私立,專業群科,食品群,103,20,0,4,16,0,0,0
109,私立,專業群科,餐旅群,10698,728,22,165,467,33,21,20
109,私立,普通科,學術群,22119,436,7,32,10,354,10,23
109,私立,綜合高中,化工群,153,0,0,0,0,0,0,0
109,私立,綜合高中,商業與管理群,382,10,2,5,1,2,0,0
109,私立,綜合高中,外語群,270,1,0,0,0,0,1,0
109,私立,綜合高中,學術群,904,12,0,0,0,9,0,3
109,私立,綜合高中,家政群,171,8,2,4,2,0,0,0
109,私立,綜合高中,綜合,20,0,0,0,0,0,0,0
109,私立,綜合高中,設計群,99,2,1,1,0,0,0,0
109,私立,綜合高中,電機與電子群,222,6,0,2,1,1,1,1
109,私立,綜合高中,餐旅群,421,30,1,18,5,3,2,1
109,私立,進修部,動力機械群,350,37,0,17,18,0,2,0
109,私立,進修部,商業與管理群,1123,126,9,19,76,9,11,2
109,私立,進修部,外語群,133,9,0,3,3,1,0,2
109,私立,進修部,學術群,127,1,0,1,0,0,0,0
109,私立,進修部,家政群,766,56,5,1,33,6,11,0
109,私立,進修部,機械群,59,5,0,3,2,0,0,0
109,私立,進修部,藝術群,104,20,0,4,14,0,2,0
109,私立,進修部,設計群,282,27,8,6,7,4,2,0
109,私立,進修部,電機與電子群,190,25,4,3,13,2,2,1
109,私立,進修部,餐旅群,2529,264,40,60,131,14,16,3
110,國立,實用技能學程,動力機械群,145,17,2,7,6,1,1,0
110,國立,實用技能學程,商業與管理群,257,18,0,9,4,5,0,0
110,國立,實用技能學程,土木與建築群,56,3,0,1,1,1,0,0
110,國立,實用技能學程,機械群,346,22,0,16,5,0,1,0
110,國立,實用技能學程,水產群,11,0,0,0,0,0,0,0
110,國立,實用技能學程,海事群,16,3,0,0,3,0,0,0
110,國立,實用技能學程,美容造型群,127,2,0,0,2,0,0,0
110,國立,實用技能學程,設計群,97,3,0,0,2,0,1,0
110,國立,實用技能學程,農業群,116,5,0,0,3,1,0,1
110,國立,實用技能學程,電機與電子群,306,23,2,5,11,5,0,0
110,國立,實用技能學程,食品群,182,15,2,1,11,0,1,0
110,國立,實用技能學程,餐旅群,315,16,5,2,5,0,2,2
110,國立,專業群科,動力機械群,1481,54,2,18,18,14,1,1
110,國立,專業群科,化工群,1138,15,0,9,2,3,1,0
110,國立,專業群科,商業與管理群,7925,108,9,23,46,27,3,0
110,國立,專業群科,土木與建築群,1369,42,1,13,15,12,0,1
110,國立,專業群科,外語群,1310,17,3,3,2,7,0,2
110,國立,專業群科,家政群,2272,224,56,5,133,8,21,1
110,國立,專業群科,機械群,4659,146,9,62,26,41,6,2
110,國立,專業群科,水產群,105,4,1,1,2,0,0,0
110,國立,專業群科,海事群,219,21,14,4,2,0,1,0
110,國立,專業群科,藝術群,242,10,5,3,0,2,0,0
110,國立,專業群科,設計群,2280,40,1,1,12,21,4,1
110,國立,專業群科,農業群,1420,37,2,8,23,3,1,0
110,國立,專業群科,電機與電子群,6557,181,9,78,42,48,1,3
110,國立,專業群科,食品群,1017,32,0,4,24,4,0,0
110,國立,專業群科,餐旅群,1373,37,2,8,17,7,3,0
110,國立,普通科,學術群,66673,1228,37,72,26,1062,7,24
110,國立,綜合高中,化工群,54,0,0,0,0,0,0,0
110,國立,綜合高中,商業與管理群,463,2,1,1,0,0,0,0
110,國立,綜合高中,土木與建築群,88,3,0,1,0,2,0,0
110,國立,綜合高中,外語群,126,11,0,2,0,9,0,0
110,國立,綜合高中,學術群,4230,71,1,6,7,53,3,1
110,國立,綜合高中,機械群,87,3,0,0,0,3,0,0
110,國立,綜合高中,水產群,14,0,0,0,0,0,0,0
110,國立,綜合高中,綜合,69,0,0,0,0,0,0,0
110,國立,綜合高中,藝術群,9,0,0,0,0,0,0,0
110,國立,綜合高中,設計群,135,2,0,0,2,0,0,0
110,國立,綜合高中,農業群,66,0,0,0,0,0,0,0
110,國立,綜合高中,電機與電子群,217,3,0,0,0,3,0,0
110,國立,綜合高中,食品群,75,0,0,0,0,0,0,0
110,國立,綜合高中,餐旅群,200,18,6,3,3,6,0,0
110,國立,進修部,動力機械群,207,13,0,9,2,2,0,0
110,國立,進修部,化工群,27,2,0,1,1,0,0,0
110,國立,進修部,商業與管理群,791,66,3,11,38,9,5,0
110,國立,進修部,土木與建築群,78,2,0,1,0,1,0,0
110,國立,進修部,外語群,10,1,0,0,0,0,0,1
110,國立,進修部,學術群,333,7,0,1,5,0,1,0
110,國立,進修部,家政群,105,6,0,0,4,0,2,0
110,國立,進修部,機械群,345,23,3,12,5,1,1,1
110,國立,進修部,設計群,132,9,1,0,3,4,1,0
110,國立,進修部,農業群,36,7,0,2,3,0,2,0
110,國立,進修部,電機與電子群,413,25,3,13,3,2,2,2
110,國立,進修部,食品群,120,6,0,3,1,0,2,0
110,國立,進修部,餐旅群,125,2,0,1,1,0,0,0
110,私立,實用技能學程,動力機械群,770,76,1,58,15,1,1,0
110,私立,實用技能學程,商業與管理群,295,9,1,0,3,0,5,0
110,私立,實用技能學程,機械群,68,7,1,1,5,0,0,0
110,私立,實用技能學程,美容造型群,591,45,2,0,39,1,2,1
110,私立,實用技能學程,藝術群,102,9,7,0,2,0,0,0
110,私立,實用技能學程,設計群,74,4,0,0,4,0,0,0
110,私立,實用技能學程,農業群,85,2,0,0,2,0,0,0
110,私立,實用技能學程,電機與電子群,601,33,0,19,12,2,0,0
110,私立,實用技能學程,食品群,202,18,0,5,12,0,1,0
110,私立,實用技能學程,餐旅群,2320,224,7,67,137,8,4,1
110,私立,專業群科,動力機械群,2474,159,11,90,48,4,5,1
110,私立,專業群科,商業與管理群,4603,161,16,54,63,10,7,11
110,私立,專業群科,土木與建築群,100,6,0,3,2,1,0,0
110,私立,專業群科,外語群,3093,60,14,12,11,17,2,4
110,私立,專業群科,家政群,3945,273,41,6,164,29,30,3
110,私立,專業群科,機械群,998,34,2,24,5,1,1,1
110,私立,專業群科,海事群,18,0,0,0,0,0,0,0
110,私立,專業群科,藝術群,1904,91,6,22,8,39,5,11
110,私立,專業群科,設計群,3620,99,12,15,41,16,12,3
110,私立,專業群科,農業群,43,4,0,0,2,2,0,0
110,私立,專業群科,電機與電子群,4521,168,11,82,51,14,9,1
110,私立,專業群科,食品群,153,12,1,8,3,0,0,0
110,私立,專業群科,餐旅群,9340,418,22,120,227,22,8,19
110,私立,普通科,學術群,21239,461,12,40,24,332,8,45
110,私立,綜合高中,化工群,139,0,0,0,0,0,0,0
110,私立,綜合高中,商業與管理群,288,1,0,0,0,1,0,0
110,私立,綜合高中,外語群,202,6,0,1,1,0,1,3
110,私立,綜合高中,學術群,539,6,0,1,1,2,1,1
110,私立,綜合高中,家政群,117,2,0,0,0,0,2,0
110,私立,綜合高中,綜合,21,1,0,1,0,0,0,0
110,私立,綜合高中,設計群,65,2,0,1,1,0,0,0
110,私立,綜合高中,電機與電子群,179,9,6,1,0,2,0,0
110,私立,綜合高中,餐旅群,203,10,3,2,0,2,3,0
110,私立,進修部,動力機械群,255,25,0,9,15,1,0,0
110,私立,進修部,商業與管理群,1063,101,3,19,70,3,4,2
110,私立,進修部,外語群,144,7,0,3,3,1,0,0
110,私立,進修部,學術群,117,2,0,2,0,0,0,0
110,私立,進修部,家政群,697,42,4,5,30,0,3,0
110,私立,進修部,機械群,63,4,0,4,0,0,0,0
110,私立,進修部,藝術群,71,6,0,2,1,0,3,0
110,私立,進修部,設計群,217,10,1,1,2,2,3,1
110,私立,進修部,電機與電子群,131,13,2,4,5,1,1,0
110,私立,進修部,餐旅群,2280,172,9,53,82,11,13,4
